,economy,tax,health,education,military,energy,employment
economy,0.3322368860244751,0.26585930585861206,0.18501795828342438,0.17500081658363342,0.15542906522750854,0.23505942523479462,0.22646591067314148
tax,0.26585930585861206,0.37618792057037354,0.20434175431728363,0.1698884516954422,0.10299284756183624,0.19157245755195618,0.21269099414348602
health,0.18501795828342438,0.20434173941612244,0.2680099606513977,0.1470744013786316,0.10972923040390015,0.13983474671840668,0.16420258581638336
education,0.17500083148479462,0.1698884814977646,0.1470744013786316,0.33056309819221497,0.11179640144109726,0.13092449307441711,0.1776888519525528
military,0.15542906522750854,0.10299283266067505,0.10972922295331955,0.11179640144109726,0.31539446115493774,0.16216035187244415,0.1422431617975235
energy,0.23505942523479462,0.19157244265079498,0.13983476161956787,0.13092446327209473,0.16216036677360535,0.34775620698928833,0.2041652500629425
employment,0.22646591067314148,0.21269097924232483,0.16420258581638336,0.1776888519525528,0.1422431617975235,0.20416522026062012,0.3039993643760681
