,economy,tax,health,education,military,energy,employment
economy,0.8303815722465515,0.8306339979171753,0.8312050104141235,0.8246281147003174,0.8272900581359863,0.8273159861564636,0.82587730884552
tax,0.8306339979171753,0.831880509853363,0.8322607278823853,0.8254625201225281,0.8279674053192139,0.8276700377464294,0.8272995352745056
health,0.831204891204834,0.8322607278823853,0.8334029912948608,0.8265109658241272,0.8285000324249268,0.8284235000610352,0.8276034593582153
education,0.8246279954910278,0.8254625201225281,0.8265109658241272,0.8203802108764648,0.822121262550354,0.8217509388923645,0.8209423422813416
military,0.8272899985313416,0.8279674053192139,0.8285000920295715,0.822121262550354,0.8259646892547607,0.8246229290962219,0.8238782286643982
energy,0.8273159861564636,0.8276700377464294,0.8284235000610352,0.8217509388923645,0.8246230483055115,0.8256561160087585,0.8223559260368347
employment,0.82587730884552,0.8272995352745056,0.8276034593582153,0.8209423422813416,0.823878288269043,0.8223559856414795,0.8268969058990479
