,economy,tax,health,education,military,energy,employment
economy,0.16232793033123016,0.18010008335113525,0.0421181283891201,0.07676403969526291,0.07856262475252151,0.11075256764888763,0.10141237080097198
tax,0.14512188732624054,0.30610713362693787,0.04019353166222572,0.06543973833322525,0.04344659298658371,0.09414404630661011,0.09894666820764542
health,0.09694941341876984,0.14310431480407715,0.07923302054405212,0.062100376933813095,0.058641400188207626,0.06847472488880157,0.08859875798225403
education,0.09248005598783493,0.11632604151964188,0.03986646607518196,0.20861123502254486,0.060200512409210205,0.05932847782969475,0.09529910236597061
military,0.03779704123735428,0.04263633117079735,0.02825837954878807,0.04053540900349617,0.19452963769435883,0.04782718047499657,0.05688862502574921
energy,0.1209293082356453,0.12068211287260056,0.0563015341758728,0.048091284930706024,0.08182744681835175,0.18890978395938873,0.09438022971153259
employment,0.14228200912475586,0.14759698510169983,0.043018888682127,0.07962233573198318,0.08033869415521622,0.09510891884565353,0.17836353182792664
